Symbol,Year,Quarter,check
7544,2009,Q2,OK
7554,2018,Q3,OK
7595,2015,Q2,OK
7595,2010,Q1,OK
7595,2010,Q2,OK
7595,2010,Q3,OK
7595,2010,Q4,OK
7595,2009,Q1,OK
7595,2009,Q2,OK
7595,2009,Q3,OK
7595,2009,Q4,OK
7595,2008,Q1,OK
7595,2008,Q2,OK
7595,2008,Q3,OK
7595,2008,Q4,OK
7607,2022,Q1,OK
7607,2022,Q2,OK
7607,2021,Q1,OK
7607,2021,Q2,OK
7607,2021,Q3,OK
7607,2021,Q4,OK
7607,2020,Q1,OK
7607,2020,Q2,OK
7607,2020,Q3,OK
7607,2020,Q4,OK
7607,2019,Q1,OK
7607,2019,Q2,OK
7607,2019,Q3,OK
7607,2019,Q4,OK
7607,2018,Q1,Doing
7607,2018,Q2,OK
7607,2018,Q3,Doing
7607,2018,Q4,OK
7607,2017,Q1,OK
7607,2017,Q2,OK
7607,2017,Q3,OK
7607,2017,Q4,OK
7607,2016,Q1,OK
7607,2016,Q2,OK
7607,2016,Q3,OK
7607,2016,Q4,OK
7607,2015,Q1,OK
7607,2015,Q2,OK
7607,2015,Q3,OK
7607,2015,Q4,OK
7607,2014,Q1,OK
7607,2014,Q2,OK
7607,2014,Q3,OK
7607,2014,Q4,OK
7607,2013,Q1,OK
7607,2013,Q2,OK
7607,2013,Q3,OK
7607,2013,Q4,OK
7607,2012,Q1,Doing
7607,2012,Q2,OK
7607,2012,Q3,OK
7607,2012,Q4,OK
7607,2011,Q1,OK
7607,2011,Q2,OK
7607,2011,Q3,Doing
7607,2011,Q4,OK
7607,2010,Q1,OK
7607,2010,Q2,OK
7607,2010,Q3,OK
7607,2010,Q4,OK
7607,2009,Q1,OK
7607,2009,Q2,OK
7607,2009,Q3,OK
7607,2009,Q4,OK
7607,2008,Q1,
7607,2008,Q2,
7607,2008,Q3,
7607,2008,Q4,
7607,2007,Q4,
7609,2023,Q1,
7609,2022,Q1,
7609,2022,Q2,
7609,2022,Q3,
7609,2022,Q4,
7609,2021,Q1,
7609,2021,Q2,
7609,2021,Q3,
7609,2021,Q4,
7609,2020,Q1,
7609,2020,Q2,
7609,2020,Q3,
7609,2020,Q4,
7609,2019,Q1,
7609,2019,Q2,
7609,2019,Q3,
7609,2019,Q4,
7609,2018,Q1,
7609,2018,Q2,
7609,2018,Q3,
7609,2018,Q4,
7609,2017,Q1,
7609,2017,Q2,
7609,2017,Q3,
7609,2017,Q4,
7609,2016,Q1,
7609,2016,Q2,
7609,2016,Q3,
7609,2016,Q4,
7609,2015,Q1,
7609,2015,Q2,
7609,2015,Q3,
7609,2015,Q4,
7609,2014,Q1,
7609,2014,Q2,
7609,2014,Q3,
7609,2014,Q4,
7609,2013,Q1,
7609,2013,Q2,
7609,2013,Q3,
7609,2013,Q4,
7609,2012,Q1,
7609,2012,Q2,
7609,2012,Q3,
7609,2012,Q4,
7609,2011,Q1,
7609,2011,Q2,
7609,2011,Q3,
7609,2011,Q4,
7609,2010,Q1,
7609,2010,Q2,
7609,2010,Q3,
7609,2010,Q4,
7609,2009,Q1,
7609,2009,Q2,
7609,2009,Q3,
7609,2009,Q4,
7609,2008,Q4,
7614,2022,Q2,
7614,2022,Q3,
7614,2022,Q4,
7614,2021,Q2,
7614,2021,Q3,
7614,2021,Q4,
7614,2020,Q2,
7614,2020,Q3,
7614,2020,Q4,
7614,2019,Q2,
7614,2019,Q3,
7614,2019,Q4,
7614,2018,Q2,
7614,2018,Q3,
7614,2018,Q4,
7614,2017,Q2,
7614,2017,Q3,
7614,2017,Q4,
7614,2016,Q2,
7614,2016,Q3,
7614,2016,Q4,
7614,2015,Q2,
7614,2015,Q3,
7614,2015,Q4,
7614,2014,Q2,
7614,2014,Q3,
7614,2014,Q4,
7614,2013,Q2,
7614,2013,Q3,
7614,2013,Q4,
7614,2012,Q2,
7614,2012,Q3,
7614,2012,Q4,
7614,2011,Q2,
7614,2011,Q3,
7614,2011,Q4,
7614,2010,Q2,
7614,2010,Q3,
7614,2010,Q4,
7614,2009,Q2,
7614,2009,Q3,
7614,2009,Q4,
7614,2008,Q4,
7615,2022,Q2,
7615,2022,Q3,
7615,2022,Q4,
7615,2021,Q2,
7615,2021,Q3,
7615,2021,Q4,
7615,2020,Q1,
7615,2020,Q2,
7615,2020,Q3,
7615,2020,Q4,
7615,2019,Q1,
7615,2019,Q2,
7615,2019,Q3,
7615,2019,Q4,
7615,2018,Q1,
7615,2018,Q2,
7615,2018,Q3,
7615,2018,Q4,
7615,2017,Q1,
7615,2017,Q2,
7615,2017,Q3,
7615,2017,Q4,
7615,2016,Q1,
7615,2016,Q2,
7615,2016,Q3,
7615,2016,Q4,
7615,2015,Q1,
7615,2015,Q2,
7615,2015,Q3,
7615,2015,Q4,
7615,2014,Q1,
7615,2014,Q2,
7615,2014,Q3,
7615,2014,Q4,
7615,2013,Q1,
7615,2013,Q2,
7615,2013,Q3,
7615,2013,Q4,
7615,2012,Q1,
7615,2012,Q2,
7615,2012,Q3,
7615,2012,Q4,
7615,2011,Q1,
7615,2011,Q2,
7615,2011,Q3,
7615,2011,Q4,
7615,2010,Q1,
7615,2010,Q2,
7615,2010,Q3,
7615,2010,Q4,
7615,2009,Q1,
7615,2009,Q2,
7615,2009,Q3,
7615,2009,Q4,
7615,2008,Q1,
7615,2008,Q2,
7615,2008,Q3,
7615,2008,Q4,
7619,2022,Q1,
7619,2022,Q2,
7619,2022,Q3,
7619,2022,Q4,
7619,2021,Q1,
7619,2021,Q2,
7619,2021,Q4,
7619,2020,Q1,
7619,2020,Q2,
7619,2020,Q3,
7619,2020,Q4,
7619,2019,Q1,
7619,2019,Q2,
7619,2019,Q3,
7619,2019,Q4,
7619,2018,Q1,
7619,2018,Q2,
7619,2018,Q3,
7619,2018,Q4,
7619,2017,Q1,
7619,2017,Q2,
7619,2017,Q3,
7619,2017,Q4,
7619,2016,Q1,
7619,2016,Q3,
7619,2016,Q4,
7619,2015,Q1,
7619,2015,Q2,
7619,2014,Q1,
7619,2014,Q3,
7619,2013,Q1,
7619,2013,Q2,
7619,2013,Q4,
7619,2012,Q1,
7619,2012,Q3,
7619,2011,Q1,
7619,2011,Q2,
7619,2010,Q1,
7619,2010,Q4,
7619,2009,Q1,
7619,2009,Q2,
7619,2009,Q3,
7619,2009,Q4,
7619,2008,Q1,
7619,2008,Q2,
7619,2008,Q3,
7619,2008,Q4,
7624,2022,Q2,
7624,2022,Q3,
7624,2022,Q4,
7624,2021,Q2,
7624,2021,Q3,
7624,2021,Q4,
7624,2020,Q1,
7624,2020,Q2,
7624,2020,Q3,
7624,2020,Q4,
7624,2019,Q2,
7624,2019,Q3,
7624,2019,Q4,
7624,2018,Q2,
7624,2018,Q3,
7624,2018,Q4,
7624,2017,Q1,
7624,2017,Q2,
7624,2017,Q3,
7624,2017,Q4,
7624,2016,Q1,
7624,2016,Q2,
7624,2016,Q3,
7624,2016,Q4,
7624,2015,Q1,
7624,2015,Q2,
7624,2015,Q3,
7624,2015,Q4,
7624,2014,Q1,
7624,2014,Q2,
7624,2014,Q3,
7624,2014,Q4,
7624,2013,Q1,
7624,2013,Q2,
7624,2013,Q3,
7624,2013,Q4,
7624,2012,Q1,
7624,2012,Q2,
7624,2012,Q3,
7624,2012,Q4,
7624,2011,Q1,
7624,2011,Q2,
7624,2011,Q3,
7624,2011,Q4,
7624,2010,Q1,
7624,2010,Q2,
7624,2010,Q3,
7624,2010,Q4,
7624,2009,Q1,
7624,2009,Q2,
7624,2009,Q3,
7624,2009,Q4,
7624,2008,Q4,
7628,2022,Q1,
7628,2022,Q2,
7628,2022,Q3,
7628,2022,Q4,
7628,2021,Q1,
7628,2021,Q2,
7628,2021,Q3,
7628,2021,Q4,
7628,2020,Q1,
7628,2020,Q2,
7628,2020,Q3,
7628,2020,Q4,
7628,2019,Q1,
7628,2019,Q2,
7628,2019,Q3,
7628,2019,Q4,
7628,2018,Q1,
7628,2018,Q2,
7628,2018,Q3,
7628,2018,Q4,
7630,2010,Q1,
7643,2022,Q2,
7643,2021,Q2,
7643,2021,Q3,
7643,2021,Q4,
7643,2020,Q2,
7643,2020,Q3,
7643,2020,Q4,
7643,2019,Q2,
7643,2019,Q3,
7643,2019,Q4,
7643,2018,Q2,
7643,2018,Q3,
7643,2018,Q4,
7643,2017,Q2,
7643,2017,Q3,
7643,2017,Q4,
7643,2016,Q2,
7643,2016,Q3,
7643,2016,Q4,
7643,2015,Q2,
7643,2015,Q3,
7643,2015,Q4,
7643,2014,Q2,
7643,2014,Q3,
7643,2014,Q4,
7643,2013,Q2,
7643,2013,Q3,
7643,2013,Q4,
7643,2012,Q2,
7643,2012,Q3,
7643,2012,Q4,
7643,2011,Q2,
7643,2011,Q3,
7643,2011,Q4,
7643,2010,Q2,
7643,2010,Q3,
7643,2010,Q4,
7643,2009,Q2,
7643,2009,Q3,
7643,2009,Q4,
7643,2008,Q2,
7643,2008,Q3,
7643,2008,Q4,
7643,2007,Q4,
7646,2020,Q2,
7646,2020,Q4,
7646,2019,Q4,
7646,2018,Q2,
7646,2018,Q3,
7646,2017,Q3,
7646,2017,Q4,
7646,2016,Q2,
7646,2016,Q4,
7646,2015,Q2,
7646,2014,Q3,
7646,2013,Q3,
7646,2012,Q3,
7646,2012,Q4,
7646,2011,Q2,
7646,2011,Q3,
7646,2011,Q4,
7646,2010,Q2,
7646,2010,Q3,
7646,2010,Q4,
7646,2009,Q4,
7646,2008,Q2,
7646,2008,Q3,
7647,2016,Q4,
7647,2015,Q4,
7647,2014,Q4,
7647,2013,Q4,
7647,2012,Q4,
7647,2011,Q4,
7647,2010,Q4,
7647,2009,Q4,
7647,2008,Q4,
7670,2022,Q4,
7670,2021,Q4,
7670,2020,Q4,
7670,2019,Q3,
7670,2019,Q4,
7670,2018,Q3,
7670,2018,Q4,
7685,2022,Q2,
7685,2022,Q3,
7685,2022,Q4,
7685,2021,Q2,
7685,2021,Q3,
7685,2021,Q4,
7685,2020,Q2,
7685,2020,Q3,
7685,2020,Q4,
7685,2019,Q4,
7701,2022,Q3,
7701,2020,Q3,
7701,2020,Q4,
7701,2019,Q3,
7701,2019,Q4,
7701,2018,Q3,
7701,2018,Q4,
7701,2017,Q3,
7701,2017,Q4,
7701,2016,Q2,
7701,2016,Q3,
7701,2016,Q4,
7701,2015,Q2,
7701,2015,Q3,
7701,2015,Q4,
7701,2014,Q2,
7701,2014,Q3,
7701,2014,Q4,
7701,2013,Q2,
7701,2013,Q3,
7701,2013,Q4,
7701,2012,Q1,
7701,2012,Q2,
7701,2012,Q3,
7701,2012,Q4,
7701,2011,Q1,
7701,2011,Q2,
7701,2011,Q3,
7701,2011,Q4,
7701,2010,Q1,
7701,2010,Q2,
7701,2010,Q3,
7701,2010,Q4,
7701,2009,Q1,
7701,2009,Q2,
7701,2009,Q3,
7701,2009,Q4,
7701,2008,Q3,
7702,2020,Q1,
7702,2014,Q4,
7702,2013,Q4,
7702,2012,Q4,
7702,2011,Q4,
7702,2010,Q4,
7702,2009,Q4,
7702,2008,Q4,
7705,2022,Q1,
7705,2022,Q2,
7705,2022,Q3,
7705,2022,Q4,
7705,2021,Q1,
7705,2021,Q2,
7705,2021,Q3,
7705,2021,Q4,
7705,2020,Q1,
7705,2020,Q2,
7705,2020,Q3,
7705,2020,Q4,
7705,2019,Q1,
7705,2019,Q2,
7705,2019,Q3,
7705,2019,Q4,
7705,2018,Q1,
7705,2018,Q2,
7705,2018,Q3,
7705,2018,Q4,
7705,2017,Q1,
7705,2017,Q2,
7705,2017,Q3,
7705,2017,Q4,
7705,2016,Q1,
7705,2016,Q2,
7705,2016,Q3,
7705,2016,Q4,
7705,2015,Q1,
7705,2015,Q2,
7705,2015,Q3,
7705,2015,Q4,
7705,2014,Q1,
7705,2014,Q2,
7705,2014,Q3,
7705,2014,Q4,
7705,2013,Q1,
7705,2013,Q2,
7705,2013,Q3,
7705,2013,Q4,
7705,2012,Q1,
7705,2012,Q2,
7705,2012,Q3,
7705,2012,Q4,
7705,2011,Q1,
7705,2011,Q2,
7705,2011,Q3,
7705,2011,Q4,
7705,2010,Q1,
7705,2010,Q2,
7705,2010,Q3,
7705,2010,Q4,
7705,2009,Q1,
7705,2009,Q2,
7705,2009,Q3,
7705,2009,Q4,
7705,2008,Q1,
7705,2008,Q2,
7705,2008,Q3,
7705,2008,Q4,
7707,2022,Q2,
7707,2022,Q3,
7707,2021,Q2,
7707,2021,Q3,
7707,2021,Q4,
7707,2020,Q2,
7707,2020,Q3,
7707,2020,Q4,
7707,2019,Q2,
7707,2019,Q3,
7707,2019,Q4,
7707,2018,Q2,
7707,2018,Q3,
7707,2018,Q4,
7707,2017,Q2,
7707,2017,Q3,
7707,2017,Q4,
7707,2016,Q2,
7707,2016,Q3,
7707,2016,Q4,
7707,2015,Q2,
7707,2015,Q3,
7707,2015,Q4,
7707,2014,Q2,
7707,2014,Q3,
7707,2014,Q4,
7707,2013,Q2,
7707,2013,Q3,
7707,2013,Q4,
7707,2012,Q2,
7707,2012,Q3,
7707,2012,Q4,
7707,2011,Q2,
7707,2011,Q3,
7707,2011,Q4,
7707,2010,Q2,
7707,2010,Q3,
7707,2010,Q4,
7707,2009,Q2,
7707,2009,Q3,
7707,2009,Q4,
7707,2008,Q2,
7707,2008,Q3,
7707,2008,Q4,
7707,2007,Q4,
7713,2022,Q3,
7713,2020,Q3,
7713,2020,Q4,
7713,2019,Q3,
7713,2017,Q4,
7713,2016,Q3,
7713,2015,Q3,
7713,2013,Q3,
7713,2012,Q3,
7713,2012,Q4,
7713,2011,Q4,
7713,2009,Q4,
7713,2008,Q4,
7715,2022,Q2,
7715,2022,Q3,
7715,2022,Q4,
7715,2021,Q2,
7715,2021,Q3,
7715,2021,Q4,
7715,2020,Q2,
7715,2020,Q4,
7715,2019,Q2,
7715,2019,Q4,
7715,2018,Q2,
7715,2018,Q4,
7715,2017,Q2,
7715,2017,Q3,
7715,2016,Q1,
7715,2016,Q2,
7715,2016,Q3,
7715,2015,Q1,
7715,2015,Q2,
7715,2015,Q3,
7715,2014,Q1,
7715,2014,Q3,
7715,2014,Q4,
7715,2013,Q1,
7715,2013,Q2,
7715,2013,Q3,
7715,2013,Q4,
7715,2012,Q2,
7715,2012,Q3,
7715,2012,Q4,
7715,2011,Q1,
7715,2011,Q2,
7715,2010,Q1,
7715,2010,Q2,
7715,2010,Q3,
7715,2010,Q4,
7715,2009,Q1,
7715,2009,Q2,
7715,2009,Q3,
7715,2009,Q4,
7715,2008,Q2,
7715,2008,Q3,
7715,2008,Q4,
7716,2022,Q2,
7716,2022,Q3,
7716,2022,Q4,
7716,2021,Q2,
7716,2021,Q3,
7716,2021,Q4,
7716,2020,Q1,
7716,2020,Q2,
7716,2020,Q3,
7716,2020,Q4,
7716,2019,Q2,
7716,2019,Q3,
7716,2019,Q4,
7716,2018,Q2,
7716,2018,Q3,
7716,2018,Q4,
7716,2017,Q2,
7716,2017,Q3,
7716,2017,Q4,
7716,2016,Q2,
7716,2016,Q3,
7716,2016,Q4,
7716,2015,Q2,
7716,2015,Q3,
7716,2015,Q4,
7716,2014,Q1,
7716,2014,Q2,
7716,2014,Q3,
7716,2014,Q4,
7716,2013,Q1,
7716,2013,Q2,
7716,2013,Q3,
7716,2013,Q4,
7716,2012,Q1,
7716,2012,Q2,
7716,2012,Q3,
7716,2012,Q4,
7716,2011,Q1,
7716,2011,Q2,
7716,2011,Q3,
7716,2011,Q4,
7716,2010,Q1,
7716,2010,Q2,
7716,2010,Q3,
7716,2010,Q4,
7716,2009,Q1,
7716,2009,Q2,
7716,2009,Q3,
7716,2009,Q4,
7716,2008,Q4,
7717,2022,Q2,
7717,2022,Q3,
7717,2022,Q4,
7717,2021,Q2,
7717,2021,Q3,
7717,2021,Q4,
7717,2020,Q2,
7717,2020,Q3,
7717,2020,Q4,
7717,2019,Q2,
7717,2019,Q3,
7717,2019,Q4,
7717,2018,Q2,
7717,2018,Q3,
7717,2018,Q4,
7717,2017,Q2,
7717,2017,Q3,
7717,2017,Q4,
7717,2016,Q2,
7717,2016,Q3,
7717,2016,Q4,
7717,2015,Q2,
7717,2015,Q3,
7717,2015,Q4,
7717,2014,Q2,
7717,2014,Q3,
7717,2014,Q4,
7717,2013,Q2,
7717,2013,Q3,
7717,2013,Q4,
7717,2012,Q2,
7717,2012,Q3,
7717,2012,Q4,
7717,2011,Q2,
7717,2011,Q3,
7717,2011,Q4,
7717,2010,Q2,
7717,2010,Q3,
7717,2010,Q4,
7717,2009,Q2,
7717,2009,Q3,
7717,2009,Q4,
7717,2008,Q2,
7717,2008,Q3,
7717,2008,Q4,
7718,2017,Q4,
7718,2016,Q4,
7718,2015,Q4,
7718,2014,Q4,
7718,2013,Q4,
7718,2012,Q3,
7718,2012,Q4,
7718,2011,Q4,
7718,2010,Q4,
7718,2009,Q4,
7718,2008,Q4,
7722,2018,Q4,
7722,2017,Q4,
7722,2016,Q4,
7722,2015,Q4,
7722,2014,Q4,
7722,2013,Q4,
7722,2012,Q4,
7722,2011,Q3,
7722,2011,Q4,
7722,2010,Q3,
7722,2010,Q4,
7722,2009,Q4,
7722,2008,Q4,
7726,2022,Q4,
7726,2021,Q4,
7726,2020,Q4,
7726,2018,Q3,
7726,2018,Q4,
7726,2017,Q4,
7726,2016,Q4,
7726,2015,Q3,
7726,2015,Q4,
7726,2014,Q4,
7726,2013,Q4,
7726,2012,Q4,
7726,2011,Q3,
7726,2011,Q4,
7726,2010,Q3,
7726,2009,Q3,
7726,2009,Q4,
7726,2008,Q3,
7726,2008,Q4,
7734,2017,Q4,
7734,2016,Q4,
7734,2015,Q4,
7734,2014,Q4,
7734,2013,Q4,
7734,2012,Q4,
7734,2011,Q4,
7734,2010,Q4,
7734,2009,Q4,
7734,2008,Q4,
7735,2022,Q2,
7735,2022,Q3,
7735,2022,Q4,
7735,2021,Q4,
7735,2020,Q3,
7735,2020,Q4,
7735,2019,Q3,
7735,2019,Q4,
7735,2018,Q2,
7735,2018,Q3,
7735,2018,Q4,
7735,2017,Q2,
7735,2017,Q3,
7735,2017,Q4,
7735,2016,Q3,
7735,2016,Q4,
7735,2015,Q2,
7735,2015,Q3,
7735,2015,Q4,
7735,2014,Q2,
7735,2014,Q3,
7735,2014,Q4,
7735,2013,Q1,
7735,2013,Q2,
7735,2013,Q3,
7735,2013,Q4,
7735,2012,Q1,
7735,2012,Q2,
7735,2012,Q3,
7735,2012,Q4,
7735,2011,Q1,
7735,2011,Q2,
7735,2011,Q3,
7735,2011,Q4,
7735,2010,Q2,
7735,2010,Q3,
7735,2010,Q4,
7735,2009,Q1,
7735,2009,Q2,
7735,2009,Q3,
7735,2009,Q4,
7735,2008,Q2,
7735,2008,Q3,
7735,2008,Q4,
7740,2022,Q4,
7740,2021,Q3,
7740,2021,Q4,
7740,2020,Q3,
7740,2020,Q4,
7740,2019,Q3,
7740,2018,Q3,
7740,2016,Q3,
7740,2016,Q4,
7740,2015,Q2,
7740,2015,Q3,
7740,2015,Q4,
7740,2014,Q2,
7740,2014,Q3,
7740,2013,Q2,
7740,2013,Q3,
7740,2013,Q4,
7740,2012,Q2,
7740,2012,Q3,
7740,2011,Q2,
7740,2011,Q3,
7740,2011,Q4,
7740,2010,Q2,
7740,2010,Q3,
7740,2010,Q4,
7740,2009,Q2,
7740,2009,Q3,
7740,2009,Q4,
7740,2008,Q4,
7747,2021,Q4,
7747,2020,Q3,
7747,2020,Q4,
7747,2019,Q3,
7747,2019,Q4,
7747,2018,Q3,
7747,2018,Q4,
7747,2017,Q2,
7747,2017,Q3,
7747,2017,Q4,
7747,2016,Q3,
7747,2016,Q4,
7747,2015,Q3,
7747,2015,Q4,
7747,2014,Q3,
7747,2014,Q4,
7747,2013,Q3,
7747,2013,Q4,
7747,2012,Q3,
7747,2012,Q4,
7747,2011,Q3,
7747,2011,Q4,
7747,2010,Q3,
7747,2010,Q4,
7747,2009,Q3,
7747,2009,Q4,
7747,2008,Q3,
7747,2008,Q4,
7747,2007,Q4,
7749,2022,Q4,
7749,2021,Q4,
7749,2020,Q4,
7749,2019,Q3,
7749,2019,Q4,
7749,2018,Q3,
7749,2018,Q4,
7749,2017,Q3,
7749,2017,Q4,
7749,2016,Q3,
7749,2016,Q4,
7749,2015,Q3,
7749,2015,Q4,
7749,2014,Q3,
7749,2014,Q4,
7749,2013,Q3,
7749,2013,Q4,
7749,2012,Q3,
7749,2012,Q4,
7749,2011,Q3,
7749,2011,Q4,
7749,2010,Q3,
7749,2010,Q4,
7749,2009,Q3,
7749,2009,Q4,
7749,2008,Q3,
7749,2008,Q4,
7762,2021,Q4,
7762,2020,Q3,
7762,2019,Q3,
7762,2012,Q3,
7762,2011,Q4,
7762,2010,Q1,
7762,2009,Q4,
7810,2022,Q3,
7810,2021,Q3,
7810,2021,Q4,
7810,2020,Q3,
7810,2019,Q3,
7810,2018,Q3,
7810,2017,Q2,
7810,2017,Q3,
7820,2019,Q4,
7820,2015,Q4,
7820,2013,Q4,
7844,2022,Q2,
7844,2022,Q3,
7844,2022,Q4,
7844,2021,Q2,
7844,2021,Q3,
7844,2021,Q4,
7844,2020,Q2,
7844,2020,Q3,
7844,2020,Q4,
7844,2019,Q2,
7844,2019,Q3,
7844,2019,Q4,
7844,2018,Q2,
7844,2018,Q3,
7844,2018,Q4,
7844,2017,Q2,
7844,2017,Q3,
7844,2017,Q4,
7844,2016,Q2,
7844,2016,Q3,
7844,2016,Q4,
7844,2015,Q1,
7844,2015,Q2,
7844,2015,Q3,
7844,2015,Q4,
7844,2014,Q1,
7844,2014,Q2,
7844,2014,Q3,
7844,2014,Q4,
7844,2013,Q1,
7844,2013,Q2,
7844,2013,Q3,
7844,2013,Q4,
7844,2012,Q1,
7844,2012,Q2,
7844,2012,Q3,
7844,2012,Q4,
7844,2011,Q1,
7844,2011,Q2,
7844,2011,Q3,
7844,2011,Q4,
7844,2010,Q1,
7844,2010,Q2,
7844,2010,Q3,
7844,2010,Q4,
7844,2009,Q1,
7844,2009,Q2,
7844,2009,Q3,
7844,2009,Q4,
7844,2008,Q1,
7844,2008,Q2,
7844,2008,Q3,
7844,2008,Q4,
7857,2022,Q2,
7857,2022,Q3,
7857,2022,Q4,
7857,2021,Q2,
7857,2021,Q3,
7857,2021,Q4,
7857,2020,Q2,
7857,2020,Q3,
7857,2020,Q4,
7857,2019,Q1,
7857,2019,Q2,
7857,2019,Q3,
7857,2019,Q4,
7857,2018,Q1,
7857,2018,Q2,
7857,2018,Q3,
7857,2018,Q4,
7857,2017,Q1,
7857,2017,Q2,
7857,2017,Q3,
7857,2017,Q4,
7857,2016,Q1,
7857,2016,Q2,
7857,2016,Q3,
7857,2016,Q4,
7857,2015,Q1,
7857,2015,Q2,
7857,2015,Q3,
7857,2015,Q4,
7857,2014,Q1,
7857,2014,Q2,
7857,2014,Q3,
7857,2014,Q4,
7857,2013,Q1,
7857,2013,Q2,
7857,2013,Q3,
7857,2013,Q4,
7857,2012,Q1,
7857,2012,Q2,
7857,2012,Q3,
7857,2012,Q4,
7857,2011,Q1,
7857,2011,Q2,
7857,2011,Q3,
7857,2011,Q4,
7857,2010,Q1,
7857,2010,Q2,
7857,2010,Q3,
7857,2010,Q4,
7857,2009,Q1,
7857,2009,Q2,
7857,2009,Q3,
7857,2009,Q4,
7857,2008,Q1,
7857,2008,Q2,
7857,2008,Q3,
7857,2008,Q4,
7863,2022,Q3,
7863,2022,Q4,
7863,2021,Q3,
7863,2021,Q4,
7863,2020,Q3,
7863,2020,Q4,
7863,2019,Q3,
7863,2019,Q4,
7863,2018,Q3,
7863,2018,Q4,
7863,2017,Q3,
7863,2017,Q4,
7863,2016,Q3,
7863,2016,Q4,
7863,2015,Q3,
7863,2015,Q4,
7863,2014,Q3,
7863,2014,Q4,
7863,2013,Q2,
7863,2013,Q3,
7863,2013,Q4,
7863,2012,Q2,
7863,2012,Q3,
7863,2012,Q4,
7863,2011,Q1,
7863,2011,Q2,
7863,2011,Q3,
7863,2011,Q4,
7863,2010,Q2,
7863,2010,Q3,
7863,2010,Q4,
7863,2009,Q2,
7863,2009,Q3,
7863,2009,Q4,
7863,2008,Q2,
7863,2008,Q3,
7863,2008,Q4,
7874,2022,Q4,
7874,2021,Q4,
7874,2020,Q4,
7874,2019,Q4,
7874,2018,Q4,
7874,2017,Q4,
7874,2016,Q4,
7874,2015,Q3,
7874,2015,Q4,
7874,2014,Q3,
7874,2014,Q4,
7874,2013,Q3,
7874,2013,Q4,
7874,2012,Q3,
7874,2012,Q4,
7874,2011,Q3,
7874,2011,Q4,
7874,2010,Q3,
7874,2010,Q4,
7874,2009,Q3,
7874,2009,Q4,
7874,2008,Q3,
7874,2008,Q4,
7878,2022,Q2,
7878,2022,Q3,
7878,2021,Q2,
7878,2021,Q3,
7878,2021,Q4,
7878,2020,Q2,
7878,2020,Q3,
7878,2019,Q2,
7878,2019,Q4,
7878,2018,Q2,
7878,2018,Q3,
7878,2018,Q4,
7878,2017,Q1,
7878,2017,Q2,
7878,2017,Q3,
7878,2017,Q4,
7878,2016,Q1,
7878,2016,Q2,
7878,2016,Q3,
7878,2016,Q4,
7878,2015,Q1,
7878,2015,Q2,
7878,2015,Q4,
7878,2014,Q1,
7878,2014,Q2,
7878,2014,Q3,
7878,2014,Q4,
7878,2013,Q1,
7878,2013,Q2,
7878,2013,Q3,
7878,2013,Q4,
7878,2012,Q1,
7878,2012,Q2,
7878,2012,Q4,
7878,2011,Q2,
7878,2011,Q3,
7878,2011,Q4,
7878,2010,Q1,
7878,2010,Q2,
7878,2010,Q3,
7878,2009,Q1,
7878,2009,Q2,
7878,2009,Q3,
7878,2009,Q4,
7878,2008,Q4,
7883,2022,Q3,
7883,2022,Q4,
7883,2021,Q1,
7883,2021,Q4,
7883,2020,Q1,
7883,2020,Q2,
7883,2020,Q4,
7883,2019,Q1,
7883,2018,Q1,
7883,2017,Q3,
7883,2016,Q1,
7883,2013,Q1,
7883,2011,Q3,
7883,2010,Q2,
7883,2010,Q3,
7883,2008,Q3,
7887,2021,Q1,
7887,2020,Q1,
7887,2019,Q1,
7887,2018,Q1,
7901,2022,Q1,
7901,2022,Q2,
7901,2022,Q3,
7901,2022,Q4,
7901,2021,Q1,
7901,2021,Q2,
7901,2021,Q3,
7901,2021,Q4,
7901,2020,Q1,
7901,2020,Q3,
7901,2020,Q4,
7901,2019,Q2,
7901,2019,Q3,
7901,2019,Q4,
7901,2018,Q1,
7901,2018,Q2,
7901,2018,Q3,
7901,2018,Q4,
7901,2017,Q1,
7901,2017,Q2,
7901,2017,Q3,
7901,2017,Q4,
7901,2016,Q1,
7901,2016,Q2,
7901,2016,Q3,
7901,2016,Q4,
7901,2015,Q1,
7901,2015,Q2,
7901,2015,Q3,
7901,2014,Q1,
7901,2014,Q2,
7901,2014,Q3,
7901,2014,Q4,
7901,2013,Q1,
7901,2013,Q2,
7901,2013,Q3,
7901,2013,Q4,
7901,2012,Q1,
7901,2012,Q2,
7901,2012,Q3,
7901,2011,Q1,
7901,2011,Q2,
7901,2011,Q3,
7901,2011,Q4,
7901,2010,Q1,
7901,2010,Q2,
7901,2010,Q3,
7901,2010,Q4,
7901,2009,Q2,
7901,2009,Q4,
7901,2008,Q2,
7901,2008,Q3,
7901,2008,Q4,
7905,2022,Q3,
7905,2021,Q3,
7905,2021,Q4,
7905,2020,Q3,
7905,2018,Q3,
7905,2017,Q1,
7905,2017,Q3,
7905,2016,Q1,
7905,2016,Q3,
7905,2015,Q1,
7905,2015,Q3,
7905,2012,Q2,
7905,2012,Q3,
7905,2012,Q4,
7905,2010,Q3,
7905,2009,Q1,
7905,2009,Q2,
7905,2009,Q4,
7905,2008,Q1,
7917,2017,Q4,
7917,2014,Q4,
7917,2012,Q4,
7919,2019,Q4,
7919,2011,Q3,
7919,2010,Q4,
7922,2019,Q4,
7922,2018,Q4,
7922,2016,Q3,
7922,2016,Q4,
7922,2015,Q4,
7922,2014,Q3,
7922,2014,Q4,
7922,2013,Q3,
7922,2012,Q3,
7922,2011,Q3,
7922,2011,Q4,
7922,2010,Q3,
7922,2010,Q4,
7922,2009,Q3,
7922,2009,Q4,
7922,2008,Q3,
7922,2008,Q4,
7923,2021,Q1,
7923,2019,Q1,
7923,2019,Q2,
7923,2018,Q4,
7923,2017,Q1,
7923,2017,Q3,
7923,2017,Q4,
7923,2015,Q1,
7923,2015,Q3,
7923,2014,Q1,
7923,2012,Q3,
7923,2012,Q4,
7923,2009,Q3,
7923,2009,Q4,
7923,2008,Q4,
7931,2022,Q1,
7931,2022,Q2,
7931,2022,Q4,
7931,2021,Q1,
7931,2021,Q2,
7931,2020,Q1,
7931,2020,Q2,
7931,2020,Q3,
7931,2020,Q4,
7931,2019,Q2,
7931,2019,Q4,
7931,2018,Q1,
7931,2018,Q3,
7931,2018,Q4,
7931,2017,Q1,
7931,2017,Q2,
7931,2017,Q3,
7931,2016,Q1,
7931,2016,Q2,
7931,2016,Q3,
7931,2016,Q4,
7931,2015,Q1,
7931,2015,Q2,
7931,2015,Q3,
7931,2015,Q4,
7931,2014,Q1,
7931,2013,Q1,
7931,2013,Q4,
7931,2012,Q3,
7931,2012,Q4,
7931,2011,Q1,
7931,2011,Q2,
7931,2011,Q3,
7931,2011,Q4,
7931,2010,Q1,
7931,2010,Q4,
7931,2009,Q1,
7931,2009,Q3,
7931,2009,Q4,
7931,2008,Q4,
7940,2019,Q4,
7942,2022,Q3,
7942,2022,Q4,
7942,2021,Q4,
7942,2020,Q3,
7942,2020,Q4,
7942,2019,Q1,
7942,2019,Q3,
7942,2019,Q4,
7942,2018,Q3,
7942,2018,Q4,
7942,2017,Q1,
7942,2017,Q3,
7942,2017,Q4,
7942,2016,Q1,
7942,2016,Q3,
7942,2016,Q4,
7942,2015,Q3,
7942,2015,Q4,
7942,2014,Q1,
7942,2014,Q3,
7942,2013,Q1,
7942,2013,Q3,
7942,2012,Q3,
7942,2012,Q4,
7942,2011,Q4,
7942,2010,Q3,
7942,2010,Q4,
7942,2009,Q2,
7942,2009,Q3,
7942,2009,Q4,
7942,2008,Q2,
7942,2008,Q3,
7942,2008,Q4,
7949,2022,Q3,
7949,2022,Q4,
7949,2021,Q1,
7949,2021,Q2,
7949,2021,Q3,
7949,2020,Q1,
7949,2020,Q2,
7949,2020,Q4,
7949,2019,Q2,
7949,2019,Q4,
7949,2018,Q1,
7949,2018,Q2,
7949,2018,Q4,
7949,2017,Q1,
7949,2016,Q1,
7949,2016,Q3,
7949,2016,Q4,
7949,2015,Q1,
7949,2015,Q3,
7949,2014,Q1,
7949,2014,Q3,
7949,2014,Q4,
7949,2013,Q3,
7949,2012,Q1,
7949,2012,Q2,
7949,2012,Q3,
7949,2012,Q4,
7949,2011,Q1,
7949,2011,Q3,
7949,2010,Q1,
7949,2010,Q2,
7949,2010,Q3,
7949,2010,Q4,
7949,2009,Q1,
7949,2009,Q2,
7949,2009,Q3,
7949,2009,Q4,
7949,2008,Q2,
7951,2022,Q2,
7951,2022,Q3,
7951,2021,Q2,
7951,2021,Q3,
7951,2020,Q2,
7951,2020,Q3,
7951,2019,Q2,
7951,2019,Q3,
7951,2018,Q2,
7951,2018,Q3,
7951,2018,Q4,
7951,2017,Q4,
7951,2016,Q2,
7951,2016,Q3,
7951,2016,Q4,
7951,2015,Q2,
7951,2013,Q1,
7951,2013,Q4,
7951,2012,Q1,
7951,2012,Q2,
7951,2012,Q4,
7951,2011,Q2,
7951,2011,Q3,
7951,2011,Q4,
7951,2010,Q1,
7951,2010,Q2,
7951,2010,Q3,
7951,2010,Q4,
7951,2009,Q2,
7951,2009,Q3,
7951,2009,Q4,
7951,2008,Q1,
7951,2008,Q2,
7952,2022,Q1,
7952,2022,Q2,
7952,2022,Q3,
7952,2022,Q4,
7952,2021,Q1,
7952,2021,Q2,
7952,2020,Q2,
7952,2020,Q3,
7952,2019,Q1,
7952,2019,Q2,
7952,2019,Q3,
7952,2019,Q4,
7952,2018,Q3,
7952,2017,Q3,
7952,2016,Q1,
7952,2016,Q3,
7952,2015,Q3,
7952,2015,Q4,
7952,2014,Q2,
7952,2014,Q3,
7952,2014,Q4,
7952,2013,Q1,
7952,2013,Q2,
7952,2013,Q4,
7952,2012,Q1,
7952,2012,Q2,
7952,2012,Q3,
7952,2012,Q4,
7952,2011,Q1,
7952,2011,Q2,
7952,2011,Q3,
7952,2011,Q4,
7952,2010,Q2,
7952,2010,Q3,
7952,2009,Q1,
7952,2009,Q4,
7952,2008,Q1,
7952,2008,Q4,
7955,2022,Q1,
7955,2022,Q4,
7955,2021,Q1,
7955,2021,Q2,
7955,2021,Q3,
7955,2021,Q4,
7955,2020,Q3,
7955,2020,Q4,
7955,2019,Q2,
7955,2019,Q3,
7955,2019,Q4,
7955,2018,Q2,
7955,2018,Q3,
7955,2018,Q4,
7955,2017,Q2,
7955,2017,Q3,
7955,2017,Q4,
7955,2015,Q3,
7955,2014,Q1,
7955,2014,Q2,
7955,2014,Q3,
7955,2014,Q4,
7955,2013,Q2,
7955,2013,Q4,
7955,2012,Q3,
7955,2012,Q4,
7955,2011,Q4,
7955,2010,Q1,
7955,2010,Q3,
7955,2009,Q1,
7955,2009,Q2,
7955,2009,Q3,
7955,2008,Q1,
7955,2008,Q2,
7955,2008,Q3,
7956,2018,Q1,
7956,2016,Q1,
7961,2022,Q1,
7961,2022,Q4,
7961,2021,Q3,
7961,2020,Q4,
7961,2019,Q2,
7961,2019,Q4,
7961,2018,Q3,
7961,2018,Q4,
7961,2017,Q1,
7961,2015,Q4,
7961,2013,Q1,
7961,2013,Q2,
7961,2013,Q3,
7961,2013,Q4,
7961,2012,Q1,
7961,2012,Q4,
7961,2011,Q3,
7961,2011,Q4,
7961,2010,Q2,
7961,2009,Q3,
7961,2009,Q4,
7961,2008,Q1,
7961,2008,Q4,
7962,2022,Q3,
7962,2021,Q4,
7962,2020,Q3,
7962,2020,Q4,
7962,2019,Q4,
7962,2018,Q3,
7962,2018,Q4,
7962,2017,Q4,
7962,2016,Q4,
7962,2015,Q2,
7962,2015,Q4,
7962,2014,Q2,
7962,2014,Q4,
7962,2013,Q2,
7962,2013,Q3,
7962,2013,Q4,
7962,2012,Q3,
7962,2011,Q3,
7962,2010,Q3,
7962,2010,Q4,
7962,2009,Q2,
7962,2008,Q2,
7962,2008,Q3,
7962,2008,Q4,
7962,2007,Q4,
7963,2022,Q1,
7963,2022,Q3,
7963,2021,Q3,
7963,2020,Q3,
7963,2019,Q2,
7963,2017,Q2,
7963,2016,Q1,
7963,2016,Q2,
7963,2013,Q2,
7963,2013,Q4,
7963,2012,Q4,
7963,2011,Q2,
7963,2011,Q4,
7963,2010,Q2,
7963,2010,Q4,
7963,2009,Q1,
7963,2009,Q4,
7963,2008,Q4,
7966,2022,Q3,
7966,2022,Q4,
7966,2021,Q1,
7966,2021,Q2,
7966,2021,Q3,
7966,2020,Q1,
7966,2020,Q3,
7966,2020,Q4,
7966,2019,Q2,
7966,2018,Q1,
7966,2018,Q2,
7966,2017,Q1,
7966,2017,Q2,
7966,2015,Q1,
7966,2015,Q2,
7966,2015,Q3,
7966,2015,Q4,
7966,2014,Q3,
7966,2013,Q4,
7966,2012,Q1,
7966,2012,Q2,
7966,2012,Q3,
7966,2011,Q3,
7966,2011,Q4,
7966,2010,Q1,
7966,2010,Q2,
7966,2010,Q3,
7966,2010,Q4,
7966,2009,Q2,
7966,2008,Q1,
7966,2008,Q2,
7972,2022,Q2,
7972,2022,Q3,
7972,2021,Q4,
7972,2020,Q4,
7972,2019,Q4,
7972,2015,Q2,
7972,2015,Q4,
7972,2014,Q4,
7972,2013,Q1,
7972,2013,Q4,
7972,2011,Q1,
7972,2011,Q4,
7975,2022,Q1,
7975,2022,Q2,
7975,2022,Q3,
7975,2022,Q4,
7975,2021,Q1,
7975,2021,Q2,
7975,2021,Q3,
7975,2021,Q4,
7975,2020,Q3,
7975,2019,Q3,
7975,2019,Q4,
7975,2018,Q2,
7975,2018,Q4,
7975,2017,Q2,
7975,2017,Q4,
7975,2016,Q1,
7975,2016,Q2,
7975,2016,Q3,
7975,2016,Q4,
7975,2015,Q1,
7975,2015,Q3,
7975,2015,Q4,
7975,2014,Q1,
7975,2014,Q3,
7975,2014,Q4,
7975,2013,Q1,
7975,2013,Q2,
7975,2013,Q3,
7975,2013,Q4,
7975,2012,Q1,
7975,2012,Q2,
7975,2012,Q4,
7975,2011,Q1,
7975,2011,Q4,
7975,2010,Q1,
7975,2010,Q2,
7975,2010,Q4,
7975,2009,Q1,
7975,2009,Q4,
7976,2020,Q3,
7976,2019,Q3,
7976,2019,Q4,
7976,2018,Q3,
7976,2017,Q4,
7976,2016,Q4,
7976,2015,Q4,
7976,2013,Q2,
7976,2013,Q4,
7976,2012,Q2,
7976,2011,Q4,
7976,2009,Q2,
7980,2013,Q3,
7980,2012,Q3,
7980,2011,Q3,
7983,2016,Q4,
7984,2022,Q2,
7984,2013,Q1,
7984,2012,Q1,
7984,2011,Q4,
7984,2010,Q1,
7984,2010,Q4,
7984,2008,Q4,
7985,2020,Q4,
7985,2009,Q2,
7987,2022,Q1,
7987,2022,Q2,
7987,2021,Q1,
7987,2020,Q1,
7987,2020,Q2,
7987,2020,Q3,
7987,2020,Q4,
7987,2019,Q2,
7987,2018,Q4,
7987,2017,Q3,
7987,2017,Q4,
7987,2016,Q1,
7987,2016,Q2,
7987,2016,Q4,
7987,2015,Q3,
7987,2014,Q2,
7987,2014,Q3,
7987,2013,Q3,
7987,2013,Q4,
7987,2012,Q3,
7987,2011,Q2,
7987,2011,Q3,
7987,2009,Q2,
7987,2008,Q2,
7989,2021,Q1,
7994,2020,Q2,
7994,2017,Q3,
7994,2013,Q3,
7994,2008,Q1,
7997,2022,Q1,
7997,2020,Q4,
7997,2019,Q1,
7997,2019,Q3,
7997,2018,Q4,
7997,2017,Q1,
7997,2013,Q1,
7997,2012,Q4,
8002,2022,Q4,
8002,2021,Q3,
8002,2021,Q4,
8002,2020,Q3,
8002,2020,Q4,
8002,2017,Q4,
8005,2013,Q2,
8005,2012,Q2,
8005,2010,Q4,
8006,2022,Q4,
8006,2021,Q1,
8006,2021,Q2,
8006,2021,Q3,
8006,2020,Q2,
8006,2019,Q1,
8006,2019,Q3,
8006,2019,Q4,
8006,2018,Q3,
8006,2018,Q4,
8006,2017,Q1,
8006,2016,Q1,
8006,2016,Q2,
8006,2016,Q3,
8006,2015,Q2,
8006,2015,Q3,
8006,2015,Q4,
8006,2014,Q3,
8006,2014,Q4,
8006,2013,Q3,
8006,2012,Q2,
8006,2012,Q3,
8006,2012,Q4,
8006,2011,Q3,
8006,2011,Q4,
8006,2010,Q3,
8006,2010,Q4,
8006,2009,Q2,
8006,2009,Q3,
8006,2009,Q4,
8006,2008,Q4,
8008,2018,Q3,
8008,2010,Q3,
8013,2018,Q3,
8013,2017,Q2,
8013,2017,Q4,
8013,2016,Q4,
8013,2013,Q4,
8013,2012,Q4,
8013,2010,Q4,
8014,2022,Q3,
8014,2022,Q4,
8014,2021,Q1,
8014,2021,Q3,
8014,2021,Q4,
8014,2020,Q1,
8014,2020,Q2,
8014,2019,Q1,
8014,2018,Q1,
8014,2018,Q3,
8014,2018,Q4,
8014,2016,Q1,
8014,2016,Q2,
8014,2016,Q3,
8014,2015,Q1,
8014,2015,Q3,
8014,2013,Q3,
8014,2012,Q2,
8014,2012,Q3,
8014,2012,Q4,
8014,2011,Q3,
8014,2011,Q4,
8014,2010,Q2,
8014,2010,Q3,
8014,2009,Q4,
8014,2008,Q1,
8014,2008,Q2,
8015,2022,Q3,
8015,2021,Q3,
8015,2021,Q4,
8015,2020,Q1,
8015,2020,Q2,
8015,2019,Q3,
8015,2019,Q4,
8015,2018,Q3,
8015,2018,Q4,
8015,2017,Q2,
8015,2017,Q3,
8015,2016,Q3,
8015,2016,Q4,
8015,2015,Q3,
8015,2014,Q1,
8015,2014,Q3,
8015,2013,Q2,
8015,2012,Q2,
8015,2012,Q3,
8015,2011,Q3,
8015,2011,Q4,
8015,2010,Q1,
8015,2010,Q2,
8015,2010,Q3,
8015,2010,Q4,
8015,2009,Q2,
8015,2008,Q4,
8020,2022,Q2,
8020,2021,Q1,
8020,2013,Q3,
8020,2013,Q4,
8020,2012,Q3,
8020,2011,Q1,
8020,2011,Q3,
8020,2009,Q2,
8020,2008,Q3,
8023,2022,Q2,
8023,2020,Q3,
8023,2019,Q2,
8023,2011,Q4,
8023,2010,Q4,
8023,2008,Q4,
8032,2018,Q3,
8032,2017,Q3,
8032,2016,Q3,
8032,2015,Q3,
8032,2013,Q3,
8037,2022,Q4,
8037,2021,Q4,
8037,2019,Q1,
8037,2019,Q2,
8037,2019,Q4,
8037,2018,Q1,
8037,2018,Q3,
8037,2017,Q2,
8037,2016,Q3,
8037,2016,Q4,
8037,2015,Q1,
8037,2015,Q2,
8037,2014,Q1,
8037,2014,Q3,
8037,2014,Q4,
8037,2013,Q1,
8037,2013,Q2,
8037,2013,Q3,
8037,2013,Q4,
8037,2012,Q1,
8037,2012,Q2,
8037,2011,Q2,
8037,2011,Q3,
8037,2010,Q1,
8037,2010,Q2,
8037,2009,Q1,
8037,2009,Q4,
8037,2008,Q1,
8037,2008,Q4,
8038,2020,Q3,
8038,2016,Q3,
8038,2013,Q3,
8038,2012,Q3,
8045,2019,Q4,
8045,2018,Q3,
8045,2018,Q4,
8045,2009,Q2,
8056,2018,Q1,
8057,2021,Q3,
8057,2020,Q2,
8058,2016,Q3,
8058,2015,Q2,
8058,2012,Q4,
8058,2009,Q4,
8059,2022,Q1,
8059,2022,Q2,
8059,2021,Q1,
8059,2021,Q2,
8059,2021,Q3,
8059,2021,Q4,
8059,2020,Q4,
8059,2019,Q1,
8059,2019,Q2,
8059,2019,Q3,
8059,2019,Q4,
8059,2018,Q2,
8059,2018,Q3,
8059,2018,Q4,
8059,2017,Q1,
8059,2017,Q3,
8059,2017,Q4,
8059,2016,Q2,
8059,2016,Q4,
8059,2015,Q1,
8059,2015,Q4,
8059,2014,Q1,
8059,2014,Q4,
8059,2013,Q2,
8059,2013,Q3,
8059,2012,Q3,
8059,2012,Q4,
8059,2011,Q1,
8059,2011,Q2,
8059,2011,Q4,
8059,2010,Q1,
8059,2010,Q3,
8059,2010,Q4,
8059,2008,Q2,
8059,2008,Q4,
8060,2017,Q4,
8061,2022,Q3,
8061,2022,Q4,
8061,2021,Q1,
8061,2021,Q3,
8061,2019,Q3,
8061,2018,Q3,
8061,2017,Q1,
8061,2017,Q3,
8061,2016,Q4,
8061,2015,Q4,
8061,2014,Q2,
8061,2014,Q4,
8061,2013,Q2,
8061,2013,Q3,
8061,2012,Q2,
8061,2012,Q3,
8061,2012,Q4,
8061,2011,Q2,
8061,2011,Q3,
8061,2010,Q1,
8061,2010,Q4,
8061,2009,Q1,
8061,2009,Q2,
8061,2009,Q4,
8061,2008,Q1,
8061,2008,Q3,
8061,2008,Q4,
8065,2020,Q1,
8068,2023,Q1,
8068,2022,Q1,
8068,2021,Q1,
8068,2021,Q2,
8068,2021,Q3,
8068,2020,Q1,
8068,2020,Q2,
8068,2020,Q3,
8068,2019,Q2,
8068,2019,Q3,
8068,2018,Q1,
8068,2018,Q2,
8068,2018,Q3,
8068,2018,Q4,
8068,2017,Q1,
8068,2017,Q3,
8068,2016,Q1,
8068,2016,Q2,
8068,2015,Q2,
8068,2015,Q3,
8068,2015,Q4,
8068,2014,Q2,
8068,2014,Q3,
8068,2013,Q1,
8068,2013,Q2,
8068,2013,Q3,
8068,2012,Q3,
8068,2012,Q4,
8068,2011,Q1,
8068,2011,Q2,
8068,2011,Q3,
8068,2010,Q1,
8068,2010,Q2,
8068,2010,Q4,
8068,2009,Q2,
8068,2009,Q3,
8068,2009,Q4,
8068,2008,Q4,
8070,2013,Q1,
8076,2022,Q1,
8076,2022,Q3,
8076,2022,Q4,
8076,2021,Q1,
8076,2021,Q3,
8076,2021,Q4,
8076,2020,Q3,
8076,2020,Q4,
8076,2019,Q1,
8076,2019,Q2,
8076,2019,Q3,
8076,2019,Q4,
8076,2018,Q1,
8076,2018,Q2,
8076,2018,Q3,
8076,2018,Q4,
8076,2017,Q1,
8076,2017,Q2,
8076,2017,Q4,
8076,2016,Q1,
8076,2016,Q2,
8076,2016,Q4,
8076,2015,Q2,
8076,2015,Q3,
8076,2014,Q1,
8076,2014,Q2,
8076,2014,Q3,
8076,2014,Q4,
8076,2013,Q2,
8076,2013,Q3,
8076,2013,Q4,
8076,2012,Q1,
8076,2012,Q2,
8076,2012,Q4,
8076,2011,Q3,
8076,2011,Q4,
8076,2010,Q1,
8076,2010,Q2,
8076,2010,Q3,
8076,2009,Q1,
8076,2009,Q3,
8076,2009,Q4,
8076,2008,Q2,
8076,2008,Q3,
8079,2021,Q4,
8079,2018,Q4,
8079,2016,Q4,
8079,2015,Q4,
8079,2013,Q4,
8079,2012,Q3,
8079,2012,Q4,
8079,2011,Q3,
8079,2011,Q4,
8079,2010,Q3,
8079,2009,Q3,
8079,2009,Q4,
8079,2008,Q4,
8084,2022,Q2,
8084,2021,Q4,
8084,2019,Q1,
8084,2019,Q4,
8084,2018,Q2,
8084,2018,Q4,
8084,2017,Q1,
8084,2016,Q2,
8084,2013,Q2,
8084,2012,Q4,
8084,2011,Q4,
8084,2010,Q4,
8085,2022,Q1,
8085,2018,Q1,
8085,2018,Q3,
8085,2017,Q2,
8085,2017,Q3,
8085,2017,Q4,
8085,2016,Q1,
8091,2011,Q2,
8093,2016,Q2,
8093,2016,Q3,
8093,2015,Q2,
8093,2015,Q3,
8093,2012,Q1,
8093,2012,Q4,
8093,2011,Q2,
8093,2010,Q2,
8093,2008,Q3,
8101,2021,Q2,
8101,2020,Q3,
8101,2019,Q2,
8101,2018,Q2,
8101,2016,Q3,
8101,2016,Q4,
8101,2015,Q3,
8101,2015,Q4,
8101,2013,Q2,
8101,2012,Q2,
8101,2011,Q1,
8101,2011,Q2,
8101,2010,Q1,
8101,2009,Q2,
8101,2008,Q1,
8101,2008,Q2,
8104,2022,Q4,
8104,2021,Q4,
8104,2019,Q4,
8104,2018,Q4,
8104,2017,Q4,
8104,2015,Q4,
8104,2014,Q4,
8104,2013,Q3,
8104,2013,Q4,
8104,2012,Q3,
8104,2011,Q3,
8104,2011,Q4,
8104,2010,Q3,
8104,2010,Q4,
8104,2009,Q3,
8104,2008,Q3,
8111,2022,Q2,
8111,2022,Q3,
8111,2021,Q2,
8111,2020,Q2,
8111,2020,Q3,
8111,2019,Q2,
8111,2018,Q2,
8111,2017,Q1,
8111,2017,Q2,
8111,2017,Q3,
8111,2015,Q4,
8111,2014,Q4,
8111,2013,Q4,
8111,2012,Q3,
8111,2012,Q4,
8111,2010,Q4,
8111,2009,Q4,
8137,2013,Q3,
8137,2012,Q3,
8147,2022,Q1,
8147,2022,Q2,
8147,2022,Q4,
8147,2021,Q1,
8147,2021,Q2,
8147,2021,Q3,
8147,2021,Q4,
8147,2020,Q1,
8147,2020,Q2,
8147,2020,Q3,
8147,2020,Q4,
8147,2019,Q1,
8147,2019,Q2,
8147,2019,Q3,
8147,2019,Q4,
8147,2018,Q1,
8147,2018,Q2,
8147,2018,Q3,
8147,2018,Q4,
8147,2017,Q1,
8147,2017,Q2,
8147,2017,Q3,
8147,2017,Q4,
8147,2016,Q1,
8147,2016,Q2,
8147,2016,Q3,
8147,2016,Q4,
8147,2015,Q1,
8147,2015,Q2,
8147,2015,Q3,
8147,2015,Q4,
8147,2014,Q1,
8147,2014,Q2,
8147,2014,Q3,
8147,2014,Q4,
8147,2013,Q1,
8147,2013,Q2,
8147,2013,Q3,
8147,2013,Q4,
8147,2012,Q1,
8147,2012,Q2,
8147,2012,Q3,
8147,2012,Q4,
8147,2011,Q1,
8147,2011,Q2,
8147,2011,Q3,
8147,2011,Q4,
8147,2010,Q1,
8147,2010,Q2,
8147,2010,Q3,
8147,2010,Q4,
8147,2009,Q1,
8147,2009,Q2,
8147,2009,Q3,
8147,2009,Q4,
8147,2008,Q1,
8147,2008,Q2,
8147,2008,Q3,
8147,2008,Q4,
8151,2021,Q4,
8151,2020,Q2,
8151,2020,Q4,
8151,2019,Q3,
8151,2018,Q1,
8151,2018,Q2,
8151,2018,Q4,
8151,2017,Q1,
8151,2017,Q3,
8151,2016,Q1,
8151,2016,Q2,
8151,2015,Q2,
8151,2015,Q3,
8151,2015,Q4,
8151,2014,Q3,
8151,2013,Q2,
8151,2013,Q3,
8151,2012,Q1,
8151,2012,Q2,
8151,2012,Q3,
8151,2011,Q1,
8151,2010,Q4,
8151,2009,Q3,
8151,2008,Q2,
8151,2008,Q3,
8151,2008,Q4,
8151,2007,Q4,
8153,2022,Q1,
8153,2020,Q1,
8182,2020,Q3,
8182,2018,Q3,
8182,2016,Q4,
8182,2013,Q3,
8182,2013,Q4,
8182,2011,Q3,
8182,2009,Q3,
8182,2009,Q4,
8182,2008,Q2,
8182,2008,Q3,
8182,2008,Q4,
8194,2012,Q3,
8202,2022,Q4,
8202,2021,Q4,
8202,2019,Q4,
8202,2016,Q4,
8202,2015,Q4,
8202,2014,Q4,
8202,2013,Q4,
8202,2012,Q4,
8202,2011,Q4,
8202,2009,Q4,
8202,2008,Q4,
8217,2022,Q3,
8217,2022,Q4,
8217,2021,Q3,
8217,2021,Q4,
8217,2020,Q2,
8217,2020,Q3,
8217,2020,Q4,
8217,2019,Q2,
8217,2019,Q3,
8217,2019,Q4,
8217,2018,Q2,
8217,2018,Q3,
8217,2018,Q4,
8217,2017,Q2,
8217,2017,Q3,
8217,2017,Q4,
8217,2016,Q3,
8217,2016,Q4,
8217,2015,Q2,
8217,2015,Q3,
8217,2015,Q4,
8217,2014,Q2,
8217,2014,Q3,
8217,2014,Q4,
8217,2013,Q2,
8217,2013,Q3,
8217,2013,Q4,
8217,2012,Q2,
8217,2012,Q3,
8217,2012,Q4,
8217,2011,Q2,
8217,2011,Q3,
8217,2011,Q4,
8217,2010,Q2,
8217,2010,Q3,
8217,2010,Q4,
8217,2009,Q2,
8217,2009,Q3,
8217,2009,Q4,
8217,2008,Q4,
8218,2022,Q3,
8218,2022,Q4,
8218,2021,Q3,
8218,2020,Q3,
8218,2020,Q4,
8218,2019,Q3,
8218,2018,Q3,
8218,2018,Q4,
8218,2017,Q3,
8218,2016,Q3,
8218,2016,Q4,
8218,2015,Q3,
8218,2014,Q4,
8218,2013,Q2,
8218,2013,Q3,
8218,2012,Q2,
8218,2011,Q2,
8218,2011,Q4,
8218,2010,Q2,
8218,2010,Q3,
8218,2010,Q4,
8218,2009,Q2,
8218,2009,Q3,
8218,2009,Q4,
8218,2008,Q2,
8218,2008,Q3,
8218,2008,Q4,
8219,2022,Q1,
8219,2022,Q2,
8219,2022,Q3,
8219,2021,Q1,
8219,2021,Q2,
8219,2021,Q3,
8219,2021,Q4,
8219,2020,Q1,
8219,2020,Q3,
8219,2020,Q4,
8219,2019,Q2,
8219,2019,Q4,
8219,2018,Q3,
8219,2017,Q1,
8219,2017,Q2,
8219,2017,Q4,
8219,2016,Q1,
8219,2016,Q3,
8219,2016,Q4,
8219,2015,Q1,
8219,2015,Q2,
8219,2015,Q3,
8219,2014,Q1,
8219,2014,Q2,
8219,2013,Q1,
8219,2013,Q3,
8219,2013,Q4,
8219,2012,Q1,
8219,2012,Q2,
8219,2012,Q3,
8219,2012,Q4,
8219,2011,Q1,
8219,2011,Q3,
8219,2011,Q4,
8219,2010,Q1,
8219,2010,Q2,
8219,2010,Q3,
8219,2010,Q4,
8219,2009,Q1,
8219,2009,Q2,
8219,2008,Q2,
8219,2008,Q3,
8219,2008,Q4,
8225,2022,Q2,
8225,2022,Q3,
8225,2022,Q4,
8225,2021,Q3,
8225,2021,Q4,
8225,2020,Q3,
8225,2020,Q4,
8225,2019,Q1,
8225,2019,Q2,
8225,2019,Q3,
8225,2018,Q2,
8225,2018,Q3,
8225,2018,Q4,
8225,2017,Q2,
8225,2016,Q2,
8225,2016,Q3,
8225,2015,Q1,
8225,2015,Q3,
8225,2015,Q4,
8225,2014,Q2,
8225,2012,Q3,
8225,2012,Q4,
8225,2011,Q1,
8225,2011,Q3,
8225,2011,Q4,
8225,2010,Q1,
8225,2009,Q2,
8225,2009,Q3,
8225,2009,Q4,
8225,2008,Q3,
8225,2008,Q4,
8226,2021,Q4,
8226,2018,Q4,
8226,2015,Q2,
8226,2014,Q1,
8226,2014,Q3,
8226,2010,Q2,
8227,2023,Q1,
8227,2022,Q1,
8227,2022,Q4,
8227,2021,Q3,
8227,2021,Q4,
8227,2020,Q2,
8227,2020,Q3,
8227,2020,Q4,
8227,2019,Q1,
8227,2019,Q2,
8227,2019,Q3,
8227,2019,Q4,
8227,2018,Q1,
8227,2018,Q4,
8227,2017,Q1,
8227,2017,Q4,
8227,2016,Q3,
8227,2015,Q2,
8227,2015,Q4,
8227,2014,Q1,
8227,2014,Q3,
8227,2014,Q4,
8227,2013,Q2,
8227,2013,Q4,
8227,2012,Q2,
8227,2012,Q3,
8227,2012,Q4,
8227,2011,Q1,
8227,2011,Q2,
8227,2011,Q3,
8227,2011,Q4,
8227,2010,Q1,
8227,2010,Q2,
8227,2010,Q3,
8227,2010,Q4,
8227,2009,Q2,
8227,2009,Q3,
8227,2009,Q4,
8237,2022,Q3,
8237,2021,Q2,
8237,2021,Q3,
8237,2021,Q4,
8237,2020,Q2,
8237,2020,Q4,
8237,2019,Q1,
8237,2019,Q2,
8237,2019,Q3,
8237,2019,Q4,
8237,2018,Q1,
8237,2018,Q2,
8237,2018,Q4,
8237,2017,Q1,
8237,2017,Q3,
8237,2016,Q2,
8237,2016,Q3,
8237,2016,Q4,
8237,2015,Q2,
8237,2015,Q3,
8237,2015,Q4,
8237,2014,Q3,
8237,2014,Q4,
8237,2013,Q3,
8237,2013,Q4,
8237,2012,Q1,
8237,2012,Q2,
8237,2012,Q4,
8237,2011,Q2,
8237,2011,Q3,
8237,2010,Q1,
8237,2010,Q2,
8237,2010,Q4,
8237,2009,Q1,
8237,2009,Q2,
8237,2008,Q4,
8244,2022,Q1,
8244,2022,Q4,
8244,2021,Q2,
8244,2021,Q4,
8244,2020,Q1,
8244,2020,Q2,
8244,2020,Q4,
8244,2019,Q2,
8244,2019,Q3,
8244,2019,Q4,
8244,2018,Q2,
8244,2017,Q1,
8244,2017,Q4,
8244,2016,Q4,
8244,2015,Q4,
8244,2014,Q1,
8244,2014,Q3,
8244,2014,Q4,
8244,2013,Q1,
8244,2013,Q3,
8244,2013,Q4,
8244,2012,Q1,
8244,2012,Q3,
8244,2012,Q4,
8244,2011,Q2,
8244,2011,Q4,
8244,2010,Q1,
8244,2009,Q1,
8244,2009,Q2,
8244,2009,Q3,
8244,2009,Q4,
8244,2008,Q4,
8256,2022,Q1,
8256,2022,Q3,
8256,2021,Q1,
8256,2021,Q4,
8256,2020,Q1,
8256,2020,Q2,
8256,2020,Q3,
8256,2019,Q2,
8256,2018,Q2,
8256,2018,Q3,
8256,2018,Q4,
8256,2017,Q1,
8256,2017,Q2,
8256,2017,Q3,
8256,2017,Q4,
8256,2016,Q1,
8256,2016,Q2,
8256,2016,Q3,
8256,2016,Q4,
8256,2015,Q1,
8256,2015,Q2,
8256,2015,Q3,
8256,2014,Q2,
8256,2014,Q3,
8256,2014,Q4,
8256,2013,Q1,
8256,2013,Q2,
8256,2013,Q3,
8256,2013,Q4,
8256,2012,Q1,
8256,2012,Q2,
8256,2012,Q3,
8256,2012,Q4,
8256,2011,Q2,
8256,2011,Q4,
8256,2010,Q1,
8256,2010,Q2,
8256,2010,Q3,
8256,2009,Q1,
8256,2009,Q3,
8256,2008,Q4,
8260,2012,Q4,
8276,2023,Q1,
8276,2022,Q3,
8276,2022,Q4,
8276,2021,Q1,
8276,2021,Q2,
8276,2021,Q3,
8276,2021,Q4,
8276,2020,Q1,
8276,2020,Q3,
8276,2020,Q4,
8276,2019,Q1,
8276,2019,Q2,
8276,2019,Q3,
8276,2019,Q4,
8276,2018,Q1,
8276,2018,Q2,
8276,2018,Q3,
8276,2018,Q4,
8276,2017,Q2,
8276,2017,Q3,
8276,2017,Q4,
8276,2016,Q1,
8276,2016,Q2,
8276,2016,Q3,
8276,2016,Q4,
8276,2015,Q1,
8276,2015,Q3,
8276,2015,Q4,
8276,2014,Q1,
8276,2014,Q2,
8276,2013,Q1,
8276,2013,Q2,
8276,2013,Q3,
8276,2013,Q4,
8276,2012,Q4,
8276,2011,Q2,
8276,2011,Q4,
8276,2010,Q1,
8276,2010,Q2,
8276,2010,Q3,
8276,2009,Q1,
8276,2009,Q2,
8276,2009,Q4,
8278,2022,Q2,
8278,2022,Q3,
8278,2022,Q4,
8278,2021,Q2,
8278,2021,Q3,
8278,2021,Q4,
8278,2020,Q1,
8278,2020,Q2,
8278,2020,Q3,
8278,2020,Q4,
8278,2019,Q3,
8278,2019,Q4,
8278,2018,Q2,
8278,2018,Q4,
8278,2017,Q1,
8278,2017,Q2,
8278,2017,Q3,
8278,2016,Q1,
8278,2016,Q2,
8278,2016,Q3,
8278,2016,Q4,
8278,2015,Q4,
8278,2014,Q2,
8278,2014,Q3,
8278,2014,Q4,
8278,2013,Q1,
8278,2013,Q2,
8278,2013,Q4,
8278,2012,Q2,
8278,2012,Q3,
8278,2012,Q4,
8278,2011,Q1,
8278,2011,Q2,
8278,2011,Q3,
8278,2011,Q4,
8278,2010,Q2,
8278,2010,Q3,
8278,2010,Q4,
8278,2009,Q1,
8278,2009,Q2,
8279,2022,Q4,
8279,2021,Q4,
8279,2020,Q4,
8279,2019,Q4,
8279,2018,Q4,
8279,2017,Q2,
8279,2017,Q4,
8279,2016,Q4,
8279,2015,Q4,
8279,2014,Q4,
8279,2013,Q1,
8279,2013,Q3,
8279,2013,Q4,
8279,2012,Q3,
8279,2012,Q4,
8279,2011,Q3,
8279,2011,Q4,
8279,2010,Q3,
8279,2010,Q4,
8279,2009,Q3,
8279,2008,Q3,
8279,2008,Q4,
8285,2022,Q1,
8285,2022,Q3,
8285,2022,Q4,
8285,2021,Q1,
8285,2021,Q2,
8285,2021,Q3,
8285,2021,Q4,
8285,2020,Q1,
8285,2020,Q2,
8285,2020,Q4,
8285,2019,Q1,
8285,2019,Q3,
8285,2018,Q1,
8285,2018,Q2,
8285,2018,Q3,
8285,2017,Q1,
8285,2017,Q2,
8285,2017,Q3,
8285,2017,Q4,
8285,2016,Q1,
8285,2016,Q3,
8285,2015,Q2,
8285,2015,Q3,
8285,2015,Q4,
8285,2014,Q2,
8285,2014,Q3,
8285,2014,Q4,
8285,2013,Q1,
8285,2013,Q4,
8285,2012,Q2,
8285,2012,Q4,
8285,2011,Q1,
8285,2011,Q4,
8285,2010,Q1,
8285,2010,Q2,
8285,2010,Q3,
8285,2010,Q4,
8285,2009,Q1,
8285,2009,Q2,
8285,2009,Q3,
8285,2009,Q4,
8285,2008,Q1,
8285,2008,Q2,
8285,2008,Q3,
8285,2008,Q4,
8289,2022,Q1,
8289,2022,Q2,
8289,2022,Q3,
8289,2021,Q1,
8289,2021,Q2,
8289,2021,Q4,
8289,2020,Q1,
8289,2020,Q3,
8289,2020,Q4,
8289,2019,Q4,
8289,2018,Q2,
8289,2018,Q3,
8289,2017,Q1,
8289,2017,Q2,
8289,2017,Q3,
8289,2017,Q4,
8289,2016,Q3,
8289,2015,Q2,
8289,2015,Q4,
8289,2014,Q2,
8289,2014,Q3,
8289,2013,Q1,
8289,2013,Q2,
8289,2013,Q3,
8289,2013,Q4,
8289,2012,Q1,
8289,2012,Q2,
8289,2012,Q3,
8289,2011,Q1,
8289,2011,Q2,
8289,2010,Q2,
8289,2010,Q3,
8289,2010,Q4,
8289,2009,Q1,
8289,2009,Q2,
8289,2009,Q3,
8289,2008,Q4,
8836,2017,Q4,
8836,2015,Q2,
8836,2012,Q3,
8836,2011,Q3,
8836,2010,Q3,
8876,2015,Q1,
8938,2014,Q2,
8938,2013,Q2,
8938,2011,Q1,
8938,2011,Q2,
8938,2010,Q2,
8938,2010,Q4,
8938,2009,Q2,
8938,2008,Q2,
9003,2022,Q2,
9003,2009,Q1,
9003,2008,Q1,
9003,2008,Q4,
9063,2022,Q4,
9063,2021,Q4,
9063,2020,Q2,
9063,2020,Q4,
9063,2019,Q2,
9063,2019,Q4,
9063,2018,Q4,
9063,2014,Q4,
9063,2013,Q4,
9063,2012,Q4,
9063,2011,Q1,
9063,2010,Q1,
9063,2009,Q1,
9065,2017,Q1,
9065,2014,Q4,
9065,2013,Q4,
9065,2011,Q4,
9065,2009,Q4,
9065,2008,Q4,
9067,2020,Q2,
9076,2021,Q2,
9076,2013,Q4,
9076,2011,Q4,
9076,2010,Q4,
9173,2022,Q4,
9173,2017,Q4,
9173,2016,Q4,
9176,2021,Q3,
9176,2021,Q4,
9176,2020,Q3,
9176,2020,Q4,
9176,2019,Q3,
9176,2019,Q4,
9176,2018,Q3,
9176,2018,Q4,
9176,2017,Q3,
9176,2017,Q4,
9176,2016,Q3,
9176,2016,Q4,
9176,2015,Q3,
9176,2015,Q4,
9176,2014,Q3,
9176,2014,Q4,
9176,2013,Q3,
9176,2013,Q4,
9176,2012,Q2,
9176,2012,Q3,
9176,2012,Q4,
9176,2011,Q2,
9176,2011,Q3,
9176,2011,Q4,
9176,2010,Q2,
9176,2010,Q3,
9176,2010,Q4,
9176,2009,Q2,
9176,2009,Q3,
9176,2009,Q4,
9176,2008,Q4,
3408,2020,Q3,
3408,2020,Q4,
3408,2019,Q3,
3408,2019,Q4,
3408,2018,Q3,
3408,2018,Q4,
3408,2017,Q3,
3408,2017,Q4,
3408,2016,Q3,
3408,2016,Q4,
3408,2015,Q3,
3408,2015,Q4,
3408,2014,Q3,
3408,2014,Q4,
3408,2013,Q3,
3408,2013,Q4,
3408,2012,Q3,
3408,2012,Q4,
3408,2011,Q3,
3408,2011,Q4,
3408,2010,Q3,
3408,2010,Q4,
3408,2009,Q3,
3408,2009,Q4,
3408,2008,Q2,
3408,2008,Q3,
3408,2008,Q4,
9681,2019,Q1,
9681,2018,Q4,
9681,2017,Q4,
9681,2016,Q4,
9681,2015,Q4,
9681,2014,Q4,
9681,2013,Q4,
9681,2012,Q4,
9681,2011,Q4,
9681,2010,Q4,
9681,2009,Q4,
9681,2008,Q4,
4508,2015,Q4,
4508,2014,Q4,
4508,2013,Q4,
4508,2012,Q4,
4508,2011,Q4,
4508,2010,Q4,
4508,2009,Q4,
4508,2008,Q4,
6591,2018,Q4,
6591,2017,Q4,
6591,2016,Q4,
6591,2015,Q4,
6591,2014,Q3,
6591,2014,Q4,
6591,2013,Q3,
6591,2013,Q4,
6591,2012,Q3,
6591,2012,Q4,
6591,2011,Q3,
6591,2011,Q4,
6591,2010,Q3,
6591,2010,Q4,
6591,2009,Q3,
6591,2009,Q4,
6591,2008,Q3,
6591,2008,Q4,
6084,2017,Q3,
6084,2017,Q4,
6084,2016,Q3,
6084,2016,Q4,
6084,2015,Q3,
6084,2015,Q4,
6084,2014,Q3,
6084,2014,Q4,
6084,2013,Q4,
8324,2017,Q2,
8324,2017,Q3,
8324,2017,Q4,
8324,2016,Q2,
8324,2016,Q3,
8324,2016,Q4,
8324,2015,Q2,
8324,2015,Q3,
8324,2015,Q4,
8324,2014,Q2,
8324,2014,Q3,
8324,2014,Q4,
8324,2013,Q1,
8324,2013,Q2,
8324,2013,Q3,
8324,2013,Q4,
8324,2012,Q1,
8324,2012,Q2,
8324,2012,Q3,
8324,2012,Q4,
8324,2011,Q1,
8324,2011,Q2,
8324,2011,Q3,
8324,2011,Q4,
8324,2010,Q1,
8324,2010,Q2,
8324,2010,Q3,
8324,2010,Q4,
8324,2009,Q1,
8324,2009,Q2,
8324,2009,Q3,
8324,2009,Q4,
8324,2008,Q1,
8324,2008,Q2,
8324,2008,Q3,
8324,2008,Q4,
8356,2012,Q4,
8356,2011,Q4,
8356,2010,Q4,
8356,2009,Q4,
8356,2008,Q4,
8382,2021,Q3,
8382,2021,Q4,
8382,2020,Q3,
8382,2020,Q4,
8382,2019,Q3,
8382,2019,Q4,
8382,2018,Q3,
8382,2018,Q4,
8382,2017,Q3,
8382,2017,Q4,
8382,2016,Q3,
8382,2016,Q4,
8382,2015,Q3,
8382,2015,Q4,
8382,2014,Q3,
8382,2014,Q4,
8382,2013,Q2,
8382,2013,Q3,
8382,2013,Q4,
8382,2012,Q2,
8382,2012,Q3,
8382,2012,Q4,
8382,2011,Q2,
8382,2011,Q3,
8382,2011,Q4,
8382,2010,Q2,
8382,2010,Q3,
8382,2010,Q4,
8382,2009,Q2,
8382,2009,Q3,
8382,2009,Q4,
8382,2008,Q2,
8382,2008,Q3,
8382,2008,Q4,
